メーカー,型式,人槽,種別,ファイル名,ファイルURL
アムズ,CX,5,合併,アムズ CX 5-10 嫌気ろ床接触 (2).pdf,https://drive.google.com/file/d/1X4iMWiSQzEUq7TN8dRF6zptIbRbASidH/view?usp=drive_link
アムズ,CX,6,合併,アムズ CX 5-10 嫌気ろ床接触 (2).pdf,https://drive.google.com/file/d/1skUtkanKPMoMXskstFK3Pp4_8ukJBIU3/view?usp=drive_link
アムズ,CX,7,合併,アムズ CX 5-10 嫌気ろ床接触 (2).pdf,https://drive.google.com/file/d/1X4iMWiSQzEUq7TN8dRF6zptIbRbASidH/view?usp=sharing
アムズ,CX,8,合併,アムズ CX 5-10 嫌気ろ床接触 (2).pdf,https://drive.google.com/file/d/1X4iMWiSQzEUq7TN8dRF6zptIbRbASidH/view?usp=sharing
アムズ,CX,10,合併,アムズ CX 5-10 嫌気ろ床接触 (2).pdf,https://drive.google.com/file/d/1X4iMWiSQzEUq7TN8dRF6zptIbRbASidH/view?usp=sharing
アムズ,CX,15,合併,アムズ CX 15-20 嫌気ろ床接触.pdf,https://drive.google.com/file/d/19goh4hM5RsjTBAGPbhWtK5WZmkqwMpzr/view?usp=drive_link
アムズ,CX,20,合併,アムズ CX 15-20 嫌気ろ床接触.pdf,https://drive.google.com/file/d/19goh4hM5RsjTBAGPbhWtK5WZmkqwMpzr/view?usp=drive_link
アムズ,CX,25,合併,アムズ CX 25-30 嫌気ろ床接触.pdf,https://drive.google.com/file/d/19goh4hM5RsjTBAGPbhWtK5WZmkqwMpzr/view?usp=drive_link
アムズ,CX,30,合併,アムズ CX 25-30 嫌気ろ床接触.pdf,https://drive.google.com/file/d/19goh4hM5RsjTBAGPbhWtK5WZmkqwMpzr/view?usp=drive_link
アムズ,CX20,15,合併,アムズ CX-20 15-20 嫌気ろ床接触 (2).pdf,https://drive.google.com/file/d/1skUtkanKPMoMXskstFK3Pp4_8ukJBIU3/view?usp=drive_link
アムズ,CX20,20,合併,アムズ CX-20 15-20 嫌気ろ床接触 (2).pdf,https://drive.google.com/file/d/1skUtkanKPMoMXskstFK3Pp4_8ukJBIU3/view?usp=drive_link
アムズ,CX20,25,合併,アムズ CX-20 25-30 嫌気ろ床接触 (2).pdf,https://drive.google.com/file/d/1skUtkanKPMoMXskstFK3Pp4_8ukJBIU3/view?usp=drive_link
アムズ,CX20,30,合併,アムズ CX-20 25-30 嫌気ろ床接触 (2).pdf,https://drive.google.com/file/d/1skUtkanKPMoMXskstFK3Pp4_8ukJBIU3/view?usp=drive_link